{"A": [[0.09061599522829056, 0.3679714500904083], [-0.06873360276222229, 2.9170148372650146], [-0.028928356245160103, 1.7324573993682861], [-0.019316144287586212, 1.1021521091461182], [0.005717146676033735, 0.30126604437828064], [0.006001531146466732, 0.09777022153139114], [-0.0029193833470344543, -0.0282432958483696], [0.001830908702686429, -0.20884108543395996], [-0.009552073664963245, 0.0861753448843956], [0.002185769844800234, 0.2587844729423523]], "B": [-17.125728607177734, -0.5596922636032104, -2.210782051086426, -1.2690852880477905, -2.7118468284606934, -1.2039426565170288, 0.5734597444534302, 0.4474569261074066, 1.3409959077835083, -1.3768067359924316], "a": 0.0, "b": 1.0}